date	count	v1count	blankcount
2006-09-13	238	238	19
2006-12-02	207	207	0
2007-03-18	1	1	1
2007-03-28	1	1	1
2007-07-30	150	150	5
2007-07-31	22	22	0
2007-08-03	4	4	0
2007-10-17	4	0	0
2007-10-29	5	0	0
2007-11-27	23	22	7
2008-01-26	1	0	0
2008-04-01	9	8	0
2008-04-05	5	0	0
2008-04-17	8	0	0
2008-06-28	89	89	22
2008-06-30	16	16	0
2008-07-10	30	29	2
2008-09-30	9	3	0
2008-10-05	299	284	12
2008-10-06	2217	301	11
2008-10-07	1741	322	16
2008-10-08	1477	551	15
2008-10-09	121	0	0
2008-10-29	156	5	1
2008-10-30	450	101	5
2008-11-02	1242	793	47
2008-11-05	1	0	0
2009-01-02	19	10	0
2009-01-25	6	0	0
2009-02-05	27	0	0
2009-02-06	1274	498	8
2009-02-10	416	0	0
2009-02-15	208	0	0
2009-02-18	216	0	0
2009-02-20	29	0	0
2009-02-21	1	0	0
2009-04-07	11	0	0
2009-05-01	37	37	3
2009-05-04	6	0	0
2009-06-04	62	58	2
2009-06-17	1	0	0
2009-06-18	1	0	0
2009-06-21	8	8	0
2009-06-26	43	21	0
2009-07-04	277	109	0
2009-07-23	1	0	0
2009-07-27	16	12	0
2009-07-28	7	5	0
2009-07-29	2	0	0
2009-08-03	17	11	1
2009-08-05	1	0	0
2009-08-06	7	5	0
2009-08-16	1	0	0
2009-09-08	1	0	0
2009-09-12	18	7	0
2009-09-21	1	0	0
2009-09-25	4875	4833	52
2009-09-26	167	165	0
2009-09-27	1065	1061	3
2009-09-29	119	102	3
2009-10-23	2	2	0
2009-11-08	68	30	0
2009-11-15	4	4	0
2009-11-16	138	137	0
2009-11-18	1	0	0
2009-11-24	1596	1114	19
2009-11-25	494	493	1
2009-11-30	897	889	1
2009-12-01	80	80	0
2009-12-02	139	129	0
2009-12-03	244	238	0
2009-12-04	1525	1518	17
2009-12-05	182	181	4
2009-12-06	629	626	1
2009-12-08	13	5	0
2009-12-10	16	13	0
2009-12-13	10	6	0
2009-12-17	353	352	3
2009-12-18	31	31	1
2009-12-19	17	17	0
2010-01-12	190	190	3
2010-01-16	78	78	3
2010-01-17	30	29	0
2010-01-22	607	606	4
2010-01-24	204	203	0
2010-01-25	43	41	1
2010-01-27	258	258	1
2010-03-03	28	24	0
2010-03-06	11	0	0
2010-03-18	149	134	2
2010-03-20	6	5	0
2010-03-28	1	1	0
2010-04-09	2	0	0
2010-04-10	2114	2114	16
2010-04-12	591	591	2
2010-04-14	314	314	9
2010-04-15	724	722	1
2010-04-20	1835	1810	2
2010-04-21	191	191	0
2010-04-24	167	167	1
2010-04-29	17	15	0
2010-05-09	19	19	0
2010-05-10	64	61	7
2010-05-11	4	0	0
2010-05-23	302	302	0
2010-07-06	7	0	0
2010-07-07	45	0	0
2010-07-12	7	2	0
2010-07-13	7	0	0
2010-07-17	1	0	0
2010-07-19	254	229	0
2010-08-04	155	155	0
2010-08-13	6	4	0
2010-08-20	42	2	0
2010-09-05	1	1	0
2010-09-12	1	1	0
2010-09-13	86	47	0
2010-09-22	2	0	0
2010-09-29	21	0	0
2010-10-13	1	0	0
2010-10-16	7	7	0
2010-10-29	213	1	0
2010-12-01	1	1	0
2010-12-06	8	8	0
2010-12-16	14	14	0
2010-12-17	1	1	0
2010-12-18	1	0	0
2011-01-22	4	1	0
2011-01-27	1	1	0
2011-03-05	6	6	0
2011-03-10	39	37	0
2011-03-11	18	17	1
2011-03-16	2	2	0
2011-03-31	4	3	0
2011-04-10	2	1	0
2011-04-17	16	16	0
2011-04-18	4	3	0
2011-04-19	526	339	0
2011-04-20	9	0	0
2011-04-21	34	23	0
2011-04-23	1	1	0
2011-04-26	138	131	0
2011-05-01	37	34	0
2011-05-18	7	6	0
2011-05-25	7	0	0
2011-06-14	1	1	0
2011-06-27	124	121	1
2011-06-30	316	307	0
2011-07-01	20	20	0
2011-07-05	3	0	0
2011-07-12	41	41	1
2011-07-19	30	23	0
2011-07-21	1012	966	1
2011-07-22	679	583	0
2011-07-25	12	8	0
2011-07-27	7	0	0
2011-07-28	2	2	0
2011-08-03	1263	0	0
2011-08-08	11	11	0
2011-08-12	1	1	0
2011-08-16	1	1	0
2011-08-17	135	99	0
2011-08-20	169	169	0
2011-08-29	15	15	0
2011-09-15	26	26	0
2011-09-25	11	4	0
2011-09-27	1	0	0
2011-10-05	1	1	0
2011-10-07	128	87	0
2011-10-29	59	30	0
2011-10-31	23	4	0
2011-11-15	2	1	0
2011-12-15	1	0	0
2011-12-21	3	3	0
2011-12-26	18	8	0
2011-12-27	123	64	0
2012-01-03	1	1	0
2012-02-25	129	129	0
2012-02-26	10	6	0
2012-02-29	4	1	0
2012-03-07	13	0	0
2012-03-19	1	1	0
2012-03-22	1	1	0
2012-03-23	1	0	0
2012-03-24	2	1	0
2012-03-26	49	0	0
2012-04-07	2	0	0
2012-04-08	1	0	0
2012-04-10	14	6	0
2012-04-11	11	4	0
2012-04-12	1	1	0
2012-04-13	1	1	0
2012-04-28	2	0	0
2012-04-29	4	4	0
2012-05-07	78	24	0
2012-05-10	232	182	0
2012-05-16	1	1	0
2012-05-18	1	1	0
2012-05-21	430	426	2
2012-05-26	12	12	0
2012-06-07	4	1	0
2012-06-12	1	0	0
2012-06-14	2	2	0
2012-06-16	1	0	0
2012-06-17	460	22	0
2012-06-29	2	1	0
2012-07-09	3	3	0
2012-07-15	1	1	0
2012-07-19	677	473	0
2012-07-20	208	4	0
2012-07-23	1	1	0
2012-07-24	1	0	0
2012-07-25	32	0	0
2012-07-26	32	0	0
2012-07-27	2251	1624	0
2012-07-28	289	204	1
2012-07-29	796	530	0
2012-07-30	5429	4135	0
2012-07-31	26	25	0
2012-08-01	880	762	0
2012-08-02	917	716	0
2012-08-03	230	215	0
2012-08-04	369	213	0
2012-08-05	295	103	0
2012-08-06	805	516	0
2012-08-07	80	71	0
2012-08-08	58	41	0
2012-08-09	133	113	0
2012-08-10	14	6	0
2012-08-11	9	9	0
2012-08-12	493	375	0
2012-08-13	85	34	0
2012-08-15	185	108	0
2012-08-16	54	54	0
2012-08-17	26	0	0
2012-08-18	7	7	0
2012-08-20	79	73	0
2012-08-21	123	101	0
2012-08-22	133	133	0
2012-08-23	686	445	0
2012-08-24	19	2	0
2012-08-25	2	1	0
2012-08-27	435	325	0
2012-08-31	457	244	0
2012-09-01	1	0	0
2012-09-03	24	17	0
2012-09-05	227	142	0
2012-09-07	1	0	0
2012-09-12	2	2	0
2012-09-16	75	59	0
2012-09-20	45	44	0
2012-09-22	1	0	0
2012-10-02	406	339	0
2012-10-04	193	193	0
2012-10-05	2146	1590	0
2012-10-06	2242	1795	0
2012-10-09	1	0	0
2012-10-16	1	0	0
2012-10-19	1	0	0
2012-11-02	120	100	0
2012-12-01	2	0	0
2012-12-02	1	0	0
2012-12-11	44	44	0
2012-12-12	2	2	0
2012-12-14	1	1	0
2012-12-16	118	114	2
2012-12-17	9	9	0
2012-12-18	651	548	0
2013-01-14	4	2	0
2013-01-15	82	64	0
2013-01-31	2	1	0
2013-02-04	7	7	0
2013-02-06	7	0	0
2013-02-07	1239	800	1
2013-02-23	12	12	0
2013-02-25	75	34	0
2013-03-15	4	1	0
2013-04-04	2	0	0
2013-04-05	12	1	0
2013-04-21	54	35	0
2013-04-22	13	13	0
2013-04-23	32	12	0
2013-04-26	3	3	0
2013-05-10	1	0	0
2013-06-14	28	0	0
2013-06-21	175	136	1
2013-06-23	1	0	0
2013-06-29	160	67	0
2013-07-02	110	15	0
2013-07-07	6	0	0
2013-07-08	12	5	0
2013-07-09	3851	3563	2
2013-07-12	717	611	0
2013-07-14	7	7	0
2013-07-29	8	7	0
2013-08-01	181	166	0
2013-08-03	64	5	0
2013-08-06	39	36	0
2013-08-07	6	0	0
2013-08-14	394	248	0
2013-08-16	1	0	0
2013-08-17	105	105	0
2013-08-20	129	113	0
2013-08-26	8	6	0
2013-08-27	28	28	0
2013-08-28	45	26	0
2013-08-31	21	5	0
2013-09-02	68	57	0
2013-09-03	73	73	0
2013-09-04	226	204	0
2013-09-05	23	17	0
2013-09-08	222	97	0
2013-09-12	76	21	0
2013-09-13	2	2	0
2013-09-20	1	0	0
2013-09-21	647	255	0
2013-09-22	55	15	0
2013-09-23	1	1	0
2013-09-24	4	1	0
2013-09-25	31	31	0
2013-09-26	212	201	0
2013-09-27	98	41	0
2013-09-29	1	1	0
2013-10-05	2	2	0
2013-10-08	41	29	0
2013-10-11	317	132	0
2013-10-17	2	2	0
2013-10-26	43	29	0
2013-11-04	128	68	0
2013-11-07	150	128	0
2013-11-12	3	2	0
2013-11-21	156	156	1
2013-11-22	39	18	0
2013-11-25	478	396	0
2013-11-29	315	300	0
2013-11-30	2200	2017	0
2013-12-24	1	1	0
2013-12-29	6	0	0
2013-12-30	3	2	0
2014-01-02	24	20	0
2014-01-03	48	31	0
2014-01-04	187	125	0
2014-01-05	15	5	0
2014-01-06	1	1	0
2014-01-07	10	6	0
2014-01-08	76	64	0
2014-01-09	12	10	0
2014-01-10	7	4	0
2014-01-11	236	192	0
2014-01-12	1433	1007	0
2014-01-13	1	0	0
2014-01-21	16	2	0
2014-01-26	1	1	0
2014-02-02	8	0	0
2014-02-18	3	1	0
2014-02-26	4	4	0
2014-03-02	5	2	0
2014-03-08	284	259	0
2014-03-09	2	2	0
2014-03-12	168	139	0
2014-03-13	493	317	0
2014-03-15	1	0	0
2014-03-16	2	2	0
2014-03-17	110	110	0
2014-03-20	12	10	0
2014-03-21	540	453	0
2014-03-22	1042	1022	1
2014-03-23	173	173	1
2014-03-25	9	8	0
2014-03-28	28	26	0
2014-03-29	28	26	0
2014-03-30	327	327	0
2014-03-31	392	384	0
2014-04-02	1	0	0
2014-04-03	68	19	0
2014-04-04	40	29	0
2014-04-05	4	1	0
2014-04-07	31	19	0
2014-04-09	1	0	0
2014-04-11	7	4	0
2014-04-12	1	0	0
2014-04-16	2	2	0
2014-04-18	2	2	0
2014-04-19	471	395	0
2014-04-20	2	1	0
2014-04-21	1	1	0
2014-04-23	59	59	0
2014-04-25	18	4	0
2014-04-26	1	0	0
2014-04-28	1	1	0
2014-04-29	2	1	0
2014-04-30	1	1	0
2014-05-01	80	71	0
2014-05-02	1	1	0
2014-05-03	6	6	0
2014-05-04	6	3	0
2014-05-08	15	14	0
2014-05-11	3	1	0
2014-05-15	3	1	0
2014-05-16	1351	972	0
2014-05-17	24	16	0
2014-05-18	18	14	0
2014-05-19	1	0	0
2014-05-22	29	18	0
2014-05-23	1	1	0
2014-05-24	66	62	0
2014-05-25	20	19	0
2014-06-02	4	4	0
2014-06-18	911	712	0
2014-06-21	1821	1430	0
2014-06-23	3448	3295	0
2014-06-24	161	156	0
2014-06-25	2282	1988	0
2014-06-29	101	77	0
2014-06-30	90	48	0
2014-07-01	2214	2214	1
2014-07-02	641	641	0
2014-07-04	1	1	0
2014-07-07	3	1	0
2014-07-11	8	4	0
2014-07-14	1	1	0
2014-07-16	6	6	0
2014-07-22	236	206	0
2014-07-30	231	166	0
2014-08-02	640	600	0
2014-08-04	3	1	0
2014-08-09	22	20	0
2014-08-10	1	0	0
2014-08-24	264	140	0
2014-09-01	3	2	0
2014-09-05	1	1	0
2014-09-06	51	38	0
2014-09-09	431	420	0
2014-09-15	1	1	0
2014-09-22	16	1	0
2014-09-24	1	0	0
2014-09-26	2	2	0
2014-09-27	27	1	0
2014-09-29	1	0	0
2014-10-05	4	1	0
2014-10-07	1	0	0
2014-10-13	1	0	0
2014-10-21	8	6	0
2014-10-23	20	3	0
2014-10-28	284	247	0
2014-11-03	36	17	0
2014-11-13	23	17	0
2014-12-01	42	33	0
2014-12-03	8	8	0
2014-12-04	1	0	0
2014-12-05	17	0	0
2014-12-09	54	46	0
2014-12-10	11	8	0
2014-12-14	1113	915	0
2014-12-17	3	0	0
2014-12-23	1	0	0
2014-12-24	1119	1048	0
2014-12-25	1	1	0
2015-01-02	14	0	0
2015-01-07	28	7	0
2015-01-08	5	4	0
2015-01-22	5	2	0
